date,date_and_time
2019-09-25,2020-01-05T02:24:49Z
2020-05-30,2019-10-21T17:42:59Z
2019-12-22,2020-04-20T23:57:42Z
2019-11-05,2019-09-12T22:20:36Z
2020-06-20,2020-03-12T09:08:54Z
2019-09-22,2020-01-30T08:48:34Z
2019-10-13,2020-04-26T00:10:07Z
2020-02-21,2019-11-19T06:16:00Z
2019-10-05,2019-08-13T08:22:23Z
2020-03-11,2019-12-31T05:15:22Z
2020-06-17,2019-10-12T20:17:24Z
2019-10-12,2020-05-27T17:53:57Z
2019-08-20,2019-12-28T20:34:27Z
2020-03-08,2019-07-27T16:30:51Z
2020-03-27,2020-01-17T12:56:02Z
2019-11-20,2020-02-16T06:06:43Z
2019-08-19,2020-04-27T15:30:19Z
2020-02-07,2019-11-05T13:59:02Z
2019-11-25,2019-08-21T08:25:49Z
2019-10-11,2020-06-19T07:28:33Z
2020-03-02,2020-05-30T17:32:56Z
2019-12-13,2020-01-07T15:23:14Z
2019-12-14,2019-08-02T13:04:53Z
2019-12-31,2020-05-04T10:29:46Z
2019-07-20,2020-01-25T12:20:40Z
2019-08-26,2019-07-21T16:38:47Z
2020-05-26,2019-12-11T18:52:20Z
2019-09-28,2019-07-27T20:00:48Z
2020-03-22,2020-06-22T00:32:56Z
2019-12-14,2019-12-26T14:08:10Z
2019-07-01,2020-05-14T09:09:20Z
2019-11-08,2020-01-01T01:10:49Z
2020-03-05,2020-03-24T21:08:21Z
2020-01-28,2019-11-19T06:33:36Z
2020-03-04,2019-09-06T07:41:09Z
2020-04-16,2019-10-11T19:02:07Z
2019-07-16,2020-03-08T12:48:24Z
2020-06-08,2020-04-06T04:02:46Z
2020-03-26,2019-06-23T15:28:30Z
2019-11-08,2019-10-31T17:40:39Z
2020-05-07,2020-06-04T00:21:57Z
2019-12-09,2019-12-17T06:01:30Z
2020-04-29,2020-04-18T13:56:51Z
2019-11-09,2020-05-29T19:07:02Z
2019-11-10,2019-08-21T20:59:26Z
2019-11-16,2020-05-10T23:10:07Z
2020-01-09,2019-09-01T12:58:26Z
2019-08-02,2019-07-23T00:24:55Z
2020-04-15,2020-05-18T14:53:42Z
2020-03-15,2020-06-16T08:58:47Z
2019-08-12,2019-12-21T11:01:07Z
2020-02-03,2020-03-18T10:02:06Z
2019-07-04,2020-02-01T20:54:44Z
2019-09-17,2020-03-28T08:02:48Z
2019-09-02,2020-03-12T12:23:11Z
2020-04-27,2019-11-15T13:10:30Z
2019-07-16,2020-02-28T01:42:47Z
2020-05-09,2019-07-09T23:20:38Z
2019-10-18,2020-02-15T08:51:04Z
2020-02-05,2020-03-07T18:18:54Z
2019-07-13,2020-03-18T17:06:36Z
2019-10-28,2019-11-14T03:50:55Z
2020-01-16,2020-06-22T18:04:22Z
2019-07-15,2020-01-26T12:11:26Z
2019-11-24,2020-04-19T13:15:07Z
2020-06-04,2020-01-05T14:39:40Z
2020-04-07,2019-08-03T01:35:18Z
2020-01-03,2019-09-11T08:45:04Z
2019-07-02,2019-09-12T02:03:13Z
2020-05-10,2019-09-13T04:59:48Z
2019-10-02,2020-02-07T20:13:47Z
2019-11-24,2019-12-27T16:42:24Z
2019-09-09,2019-11-11T08:48:34Z
2020-02-29,2019-11-01T08:19:00Z
2019-10-21,2020-03-27T04:09:58Z
2019-07-01,2019-10-10T16:56:02Z
2020-03-09,2020-05-25T00:53:34Z
2020-05-19,2019-11-14T10:36:49Z
2019-08-06,2019-11-30T01:32:14Z
2019-07-15,2020-01-17T16:09:19Z
2020-02-19,2019-07-15T16:38:42Z
2019-06-25,2020-05-08T05:46:24Z
2019-12-17,2020-04-15T23:54:04Z
2020-02-08,2020-01-04T23:38:58Z
2019-10-20,2019-07-23T02:08:25Z
2019-07-02,2020-03-18T20:08:30Z
2019-11-27,2019-07-03T01:22:31Z
2020-05-15,2019-09-04T13:06:37Z
2019-10-09,2020-01-08T13:37:16Z
2019-07-20,2020-05-14T14:46:14Z
2019-09-05,2020-01-05T19:41:53Z
2019-11-03,2020-06-14T13:00:27Z
2019-10-20,2020-05-10T09:22:27Z
2019-06-30,2020-04-01T11:47:16Z
2020-06-28,2020-01-30T22:42:27Z
2020-05-14,2019-11-24T15:00:01Z
2019-07-19,2020-05-05T22:26:50Z
2020-06-06,2020-02-09T01:14:14Z
2020-04-04,2019-07-02T00:23:19Z
2019-10-17,2020-03-02T15:33:25Z
2020-01-07,2020-02-22T13:40:41Z
2019-11-14,2020-03-31T06:44:32Z
2019-07-26,2020-06-28T20:14:14Z
2019-11-07,2019-12-06T10:01:00Z
2019-06-30,2020-05-26T04:03:18Z
2020-04-20,2020-05-29T15:38:01Z
2020-03-15,2019-12-06T04:14:10Z
2019-07-10,2019-12-10T09:59:27Z
2020-04-24,2019-09-01T20:28:51Z
2020-03-28,2019-08-05T07:17:33Z
2020-04-07,2020-01-21T13:44:30Z
2020-04-30,2019-12-21T06:57:02Z
2020-01-29,2020-05-01T23:34:21Z
2020-06-04,2020-03-05T09:06:54Z
2020-02-29,2020-03-16T08:15:14Z
2020-02-09,2020-06-01T01:12:36Z
2019-07-04,2019-10-12T04:39:20Z
2019-07-29,2019-06-23T21:05:29Z
2019-09-13,2020-05-10T01:36:16Z
2019-09-12,2020-04-02T03:58:10Z
2019-10-07,2020-05-13T03:23:03Z
2019-08-05,2019-11-25T16:05:56Z
2020-01-22,2019-11-16T06:38:37Z
2019-10-28,2019-09-10T23:20:29Z
2020-01-26,2020-03-27T04:34:58Z
2020-05-02,2020-02-29T13:53:10Z
2019-11-28,2019-09-18T04:28:39Z
2020-03-26,2019-07-27T21:26:38Z
2019-12-27,2019-10-14T17:13:58Z
2020-03-29,2019-12-16T15:29:01Z
2019-12-20,2020-04-27T21:31:00Z
2019-07-11,2019-11-12T20:27:41Z
2019-10-09,2020-06-15T14:11:40Z
2020-06-20,2020-02-07T22:15:15Z
2020-05-01,2020-05-23T05:50:30Z
2020-05-03,2020-06-17T20:29:33Z
2019-09-18,2020-05-28T17:01:54Z
2019-10-21,2019-09-11T17:14:42Z
2020-04-01,2020-06-06T12:38:51Z
2020-01-26,2020-03-27T18:27:11Z
2020-06-23,2020-01-17T20:05:51Z
2020-06-01,2020-01-27T08:34:08Z
2019-12-22,2020-02-17T14:39:42Z
2019-11-22,2019-11-27T09:43:59Z
2020-03-02,2019-12-09T02:24:04Z
2020-06-25,2020-04-11T09:26:39Z
2019-08-22,2019-09-30T07:27:53Z
2020-01-23,2020-04-21T17:33:22Z
2020-02-07,2020-06-19T20:50:06Z
2019-09-17,2019-11-02T10:14:14Z
2019-11-30,2020-01-20T22:13:40Z
2020-03-02,2020-05-24T09:13:44Z
2019-09-15,2020-06-07T09:27:48Z
2019-08-22,2019-10-27T14:08:33Z
2020-05-25,2020-03-18T03:27:46Z
2019-08-18,2020-01-13T08:31:18Z
2020-06-06,2020-05-01T11:59:41Z
2019-09-17,2020-03-26T11:13:40Z
2019-08-06,2019-09-12T11:25:42Z
2019-07-02,2019-08-05T11:47:05Z
2020-04-14,2020-04-05T09:17:39Z
2020-05-06,2019-11-03T22:40:19Z
2019-08-20,2019-06-30T19:37:59Z
2019-10-07,2020-05-30T06:11:21Z
2020-04-02,2019-09-22T07:49:31Z
2019-09-17,2020-03-17T13:31:12Z
2020-03-18,2020-01-27T14:48:22Z
2019-09-04,2020-01-11T10:20:10Z
2019-07-01,2020-05-31T05:39:08Z
2020-06-15,2020-01-18T05:02:31Z
2020-04-24,2020-01-19T19:59:49Z
2019-09-18,2020-03-03T00:57:56Z
2019-12-11,2019-09-11T14:55:16Z
2019-08-07,2020-02-09T19:00:17Z
2020-01-14,2020-01-13T03:05:24Z
2019-11-17,2020-06-20T14:16:59Z
2020-05-07,2020-01-22T10:56:28Z
2019-11-07,2020-04-25T22:51:21Z
2020-05-23,2019-09-02T16:27:24Z
2019-10-29,2020-05-05T21:30:19Z
2019-10-03,2020-03-29T10:11:21Z
2020-01-20,2019-10-29T16:33:52Z
2019-11-06,2019-09-03T03:19:00Z
2019-12-05,2019-09-08T13:35:46Z
2020-03-13,2019-09-06T06:27:09Z
2019-09-07,2020-03-01T07:11:18Z
2020-03-19,2020-01-24T15:25:24Z
2020-01-30,2020-04-26T16:35:52Z
2019-10-14,2019-06-22T05:19:43Z
2019-07-19,2020-05-11T21:23:24Z
2020-05-13,2019-08-26T23:17:40Z
2019-12-07,2019-10-25T20:24:43Z
2019-11-28,2019-08-14T02:05:16Z
2019-10-29,2019-12-17T07:24:29Z
2019-09-12,2019-08-29T01:37:28Z
2019-08-09,2019-12-25T15:37:48Z
2019-11-28,2019-09-07T20:35:19Z
2019-09-08,2019-10-27T04:41:08Z
2020-02-13,2020-01-28T17:05:24Z
2020-02-24,2020-03-22T07:27:56Z
2019-09-04,2019-12-05T10:33:22Z
2019-08-11,2020-06-02T22:51:12Z
2019-09-05,2019-07-01T05:13:19Z
2019-08-11,2019-07-18T22:45:27Z
2019-07-12,2019-07-25T15:06:01Z
2019-10-08,2020-03-06T00:22:03Z
2019-09-29,2019-07-10T12:18:45Z
2019-09-21,2020-06-19T13:08:43Z
2020-06-11,2020-05-22T03:19:12Z
2019-09-06,2019-10-01T23:42:48Z
2019-10-30,2019-10-09T11:26:16Z
2019-12-08,2020-05-29T10:47:27Z
2019-06-27,2020-03-19T12:54:07Z
2019-07-10,2019-07-21T04:33:45Z
2019-08-11,2020-03-29T08:13:23Z
2019-11-01,2019-08-27T14:51:43Z
2019-10-21,2020-03-19T08:28:54Z
2020-03-04,2019-09-13T23:54:31Z
2019-11-30,2020-03-30T07:15:35Z
2020-03-13,2020-06-04T23:47:11Z
2020-01-04,2019-07-24T10:16:59Z
2019-09-11,2019-08-23T11:47:34Z
2019-12-02,2019-09-21T15:25:54Z
2019-12-11,2020-01-29T04:23:14Z
2020-01-29,2019-07-05T21:50:58Z
2020-04-03,2019-07-28T12:34:32Z
2019-12-27,2019-07-20T15:53:27Z
2019-10-07,2020-06-27T19:21:55Z
2020-01-15,2020-05-11T01:37:48Z
2020-02-24,2020-01-06T14:51:37Z
2020-06-25,2020-06-27T09:28:05Z
2019-06-22,2019-10-21T23:47:08Z
2019-07-20,2019-12-03T21:29:16Z
2020-03-21,2019-07-18T13:09:44Z
2020-03-15,2019-08-08T20:34:13Z
2019-06-28,2020-05-23T12:58:02Z
2020-03-03,2020-05-10T22:27:16Z
2019-09-19,2019-12-16T07:22:08Z
2019-06-23,2019-11-26T02:54:25Z
2019-07-19,2020-02-14T15:56:33Z
2020-06-27,2019-12-01T23:05:43Z
2019-09-27,2020-04-24T03:42:23Z
2020-02-07,2020-02-17T22:13:43Z
2020-01-13,2020-05-28T02:21:00Z
2020-05-29,2020-03-11T17:03:57Z
2019-12-06,2019-10-11T01:05:48Z
2019-10-05,2020-04-23T17:43:49Z
2020-03-09,2019-11-15T14:18:15Z
2020-05-16,2020-01-11T06:38:52Z
2019-08-12,2019-08-14T00:01:53Z
2019-10-09,2020-02-17T12:19:38Z
2020-01-12,2020-06-24T00:02:08Z
2019-10-14,2020-01-02T20:43:36Z
2019-12-30,2020-03-11T07:13:54Z
2020-02-03,2020-02-28T15:16:03Z
2020-02-24,2019-07-02T05:40:04Z
2019-10-22,2020-04-12T02:25:01Z
2020-04-09,2019-10-31T10:42:35Z
2019-10-29,2020-02-27T21:59:02Z
2019-07-08,2020-02-10T22:35:03Z
2020-01-06,2020-06-06T08:13:31Z
2019-09-27,2019-07-21T09:38:46Z
2020-01-13,2019-10-10T06:47:35Z
2020-03-04,2020-04-24T20:52:43Z
2019-08-11,2020-05-26T18:00:32Z
2019-06-27,2019-07-02T11:04:34Z
2020-05-16,2020-02-09T22:15:33Z
2020-05-07,2019-12-25T04:19:31Z
2019-09-16,2019-09-18T20:04:35Z
2020-04-03,2019-07-16T19:41:50Z
2020-06-27,2020-04-24T18:31:59Z
2020-01-29,2020-05-30T04:57:07Z
2019-11-14,2020-06-01T01:33:53Z
2020-03-14,2019-09-04T06:06:01Z
2020-01-03,2020-01-03T05:58:45Z
2019-11-16,2019-10-19T15:30:40Z
2020-06-13,2020-05-05T05:43:39Z
2020-05-21,2020-04-17T19:54:57Z
2020-02-06,2019-11-19T11:14:47Z
2020-04-24,2020-01-07T03:21:45Z
2020-04-11,2020-03-01T15:23:27Z
2019-08-30,2019-12-12T01:09:47Z
2019-08-20,2019-08-31T13:12:07Z
2020-03-25,2020-03-12T07:26:38Z
2019-12-14,2019-10-27T14:03:56Z
2019-11-21,2020-02-16T18:12:15Z
2020-05-09,2020-02-22T17:47:46Z
2020-04-08,2019-09-20T03:12:26Z
2020-06-06,2019-09-20T06:53:43Z
2020-06-21,2019-07-21T16:42:56Z
2019-06-26,2019-08-26T09:20:17Z
2020-01-22,2019-07-19T20:35:49Z
2019-07-14,2019-11-25T13:43:44Z
2019-09-26,2019-09-07T18:39:26Z
2020-02-18,2020-04-26T23:25:15Z
2020-01-19,2020-03-20T05:15:41Z
2019-11-30,2020-01-01T15:04:32Z
2019-09-14,2019-08-05T12:37:31Z
2020-01-21,2019-11-27T21:27:48Z
2019-11-28,2020-04-26T19:47:33Z
2020-05-31,2019-11-25T16:53:29Z
2020-05-24,2019-12-24T16:19:31Z
2019-12-13,2019-12-06T01:03:52Z
2019-09-16,2019-08-03T02:16:41Z
2019-09-30,2020-03-15T05:56:58Z
2020-03-22,2019-11-25T15:21:25Z
2020-01-01,2019-09-01T11:38:41Z
2019-08-03,2019-08-26T07:54:33Z
2019-09-20,2019-09-17T20:27:22Z
2020-03-21,2019-09-18T14:40:39Z
2020-02-11,2020-01-11T15:37:16Z
2019-10-31,2019-12-13T23:24:56Z
2019-08-21,2020-03-15T12:23:38Z
2019-07-03,2020-04-22T23:32:17Z
2020-06-15,2019-12-23T23:29:25Z
2019-11-26,2020-01-23T23:37:13Z
2019-10-08,2019-10-14T04:32:54Z
2019-08-29,2020-04-18T08:38:48Z
2020-04-01,2020-02-02T07:10:38Z
2020-06-15,2019-10-26T20:44:41Z
2020-03-16,2019-07-28T15:02:30Z
2019-10-17,2019-07-21T02:24:15Z
2020-04-03,2019-08-19T10:32:06Z
2020-06-11,2020-06-08T10:02:42Z
2020-04-29,2019-09-06T06:10:03Z
2019-11-29,2019-08-01T17:03:16Z
2020-01-28,2019-10-12T17:35:55Z
2020-05-02,2020-01-04T02:18:30Z
2020-06-15,2019-12-24T10:28:44Z
2019-10-17,2019-11-06T09:09:16Z
2019-08-14,2020-02-04T13:30:46Z
2020-01-27,2019-10-08T17:58:43Z
2019-12-26,2019-08-07T08:57:47Z
2020-01-05,2019-07-07T23:41:31Z
2020-05-27,2020-01-27T00:08:34Z
2019-10-12,2020-03-20T11:08:49Z
2020-02-29,2019-07-27T13:10:22Z
2019-10-14,2020-03-09T21:36:20Z
2019-12-29,2020-05-31T01:59:47Z
2019-10-29,2019-10-25T15:25:17Z
2019-10-06,2020-02-19T18:08:01Z
2019-07-15,2019-06-30T04:29:34Z
2020-05-16,2020-04-25T16:11:56Z
2020-05-24,2020-06-04T16:59:58Z
2020-03-01,2019-11-21T11:56:21Z
2020-02-15,2019-06-22T13:31:45Z
2020-06-25,2019-10-15T11:59:54Z
2019-11-17,2020-04-05T23:05:26Z
2019-08-23,2020-05-08T08:46:09Z
2019-10-12,2019-07-19T15:13:51Z
2019-07-02,2019-10-17T03:54:29Z
2019-11-14,2019-10-31T10:40:09Z
2019-07-09,2019-08-05T00:14:33Z
2019-11-22,2020-05-15T22:17:41Z
2019-10-05,2019-06-23T07:54:51Z
2020-06-17,2019-07-12T05:16:01Z
2019-08-06,2020-06-01T14:55:36Z
2019-06-26,2020-03-26T15:48:36Z
2020-05-19,2019-09-26T08:19:54Z
2020-06-17,2020-03-04T16:04:08Z
2019-12-19,2019-11-01T14:58:35Z
2019-06-24,2020-05-07T02:12:19Z
2020-03-08,2020-02-16T23:28:34Z
2019-12-19,2020-03-16T06:06:47Z
2020-02-22,2019-06-29T01:20:59Z
2020-02-03,2020-01-17T14:31:38Z
2020-02-16,2019-12-09T23:20:07Z
2019-10-07,2020-03-20T18:27:57Z
2020-03-22,2019-12-26T06:35:20Z
2019-07-20,2020-04-01T15:54:45Z
2019-08-20,2019-07-11T23:33:27Z
2019-12-10,2019-11-08T09:43:00Z
2019-10-25,2019-11-27T19:51:53Z
2020-05-14,2020-04-09T01:19:16Z
2019-09-15,2020-03-23T12:34:22Z
2020-02-15,2020-05-21T08:59:14Z
2019-10-27,2020-04-16T06:34:58Z
2020-02-29,2020-06-14T12:27:59Z
2019-09-10,2019-08-06T01:22:21Z
2019-07-12,2019-12-01T23:31:43Z
2019-10-16,2019-10-13T15:46:53Z
2019-12-12,2020-02-08T12:08:49Z
2019-12-23,2020-06-21T10:18:45Z
2019-07-03,2020-05-15T06:10:54Z
2020-05-18,2019-09-20T15:32:54Z
2020-04-03,2020-03-31T03:40:56Z
2019-08-31,2019-08-03T04:46:51Z
2019-07-26,2019-11-22T12:32:42Z
2020-06-07,2020-03-28T02:07:50Z
2019-10-02,2019-08-01T18:31:51Z
2019-08-08,2019-12-22T09:05:27Z
2019-09-07,2019-11-04T11:59:40Z
2019-09-01,2019-07-10T01:24:09Z
2020-05-05,2020-02-07T16:10:50Z
2020-01-11,2019-11-06T18:58:55Z
2020-06-13,2020-02-28T09:56:22Z
2019-08-08,2020-05-05T15:34:00Z
2019-11-17,2020-03-19T11:15:42Z
2019-10-28,2019-09-16T09:35:41Z
2019-07-05,2020-03-28T16:03:43Z
2020-04-09,2020-04-03T13:43:21Z
2020-06-14,2020-02-12T09:06:30Z
2020-03-05,2020-05-06T02:27:42Z
2019-07-31,2020-04-26T20:28:39Z
2020-05-06,2020-05-18T00:09:18Z
2020-06-14,2020-04-10T15:24:55Z
2020-06-17,2020-05-07T10:44:13Z
2019-12-18,2019-09-04T21:19:56Z
2019-11-16,2020-02-04T20:42:22Z
2019-11-25,2020-03-07T20:40:33Z
2020-04-28,2019-12-01T13:50:51Z
2019-12-06,2020-03-04T20:44:26Z
2020-03-13,2019-12-10T17:22:19Z
2020-06-19,2019-09-12T02:01:40Z
2020-04-21,2019-12-15T15:17:10Z
2020-02-11,2019-12-21T22:55:08Z
2020-03-23,2020-03-13T09:06:04Z
2020-02-21,2020-06-07T19:09:15Z
2020-03-16,2019-10-29T01:16:23Z
2020-01-06,2019-06-25T17:03:52Z
2019-09-24,2019-10-30T06:16:21Z
2020-02-23,2020-06-03T00:04:08Z
2020-04-02,2019-11-09T21:05:52Z
2019-07-31,2019-09-12T15:00:54Z
2019-09-03,2020-02-21T10:57:21Z
2020-03-08,2020-05-18T01:34:12Z
2019-08-04,2020-03-13T15:31:59Z
2019-10-09,2019-09-14T10:55:38Z
2019-11-05,2019-08-30T16:12:08Z
2019-09-10,2019-07-03T16:17:27Z
2019-11-22,2020-01-30T06:11:34Z
2019-10-19,2019-08-21T16:45:50Z
2019-08-19,2020-01-23T20:12:05Z
2020-01-27,2019-07-04T01:34:24Z
2019-07-26,2020-03-22T05:52:16Z
2019-11-27,2020-05-16T16:36:18Z
2019-12-04,2019-10-13T13:42:48Z
2019-09-11,2019-08-14T20:36:39Z
2020-06-16,2020-05-28T06:29:15Z
2019-10-06,2020-06-12T11:30:41Z
2020-06-09,2019-12-08T01:12:38Z
2020-02-14,2019-07-02T04:42:12Z
2019-11-21,2019-11-20T11:13:20Z
2019-12-12,2020-06-06T03:18:22Z
2020-02-10,2019-10-15T20:48:33Z
2020-03-22,2019-06-24T19:48:53Z
2019-12-14,2020-02-18T20:26:47Z
2020-02-29,2019-08-13T21:45:05Z
2020-01-05,2019-12-07T22:32:40Z
2020-01-19,2019-08-08T09:39:40Z
2019-08-14,2019-12-13T02:16:10Z
2020-02-03,2020-04-10T12:59:22Z
2019-09-21,2019-08-03T22:27:32Z
2020-03-03,2019-12-26T16:22:00Z
2020-04-01,2019-09-18T20:32:32Z
2020-04-15,2020-04-11T22:48:22Z
2019-08-27,2020-01-05T00:58:52Z
2020-04-08,2020-05-09T14:04:47Z
2020-01-31,2019-10-30T19:19:53Z
2020-01-08,2020-04-10T01:48:56Z
2020-02-06,2020-05-25T09:22:08Z
2019-11-14,2019-08-26T06:04:37Z
2020-02-09,2020-03-12T16:15:53Z
2019-12-06,2020-05-23T04:00:18Z
2019-08-18,2019-08-02T05:50:15Z
2020-02-12,2020-05-01T17:36:02Z
2019-12-19,2020-06-02T00:35:30Z
2019-08-20,2020-06-24T19:44:46Z
2019-10-11,2020-04-25T11:41:16Z
2019-09-11,2019-10-20T21:33:27Z
2019-08-25,2019-07-07T07:59:11Z
2020-02-19,2020-04-24T09:17:51Z
2020-03-10,2019-09-05T13:19:53Z
2020-06-07,2020-05-27T15:14:02Z
2020-05-06,2020-06-14T14:43:07Z
2019-07-07,2020-05-11T10:16:37Z
2019-07-05,2020-04-28T19:51:02Z
2020-03-01,2019-10-29T00:06:41Z
2019-06-23,2019-09-22T02:26:02Z
2020-01-14,2020-02-06T22:50:02Z
2020-05-06,2020-03-31T04:36:22Z
2019-07-15,2020-05-03T17:16:16Z
2019-08-07,2019-07-07T17:51:43Z
2019-09-29,2020-04-26T08:26:21Z
2020-04-13,2020-06-27T14:02:52Z
2020-06-19,2019-09-22T23:03:57Z
2020-06-07,2019-10-22T19:17:04Z
2020-02-24,2019-12-25T09:57:02Z
2020-03-19,2019-11-14T05:45:18Z
2019-12-05,2019-08-02T15:57:33Z
2019-07-24,2019-11-03T08:17:10Z
2019-10-24,2019-11-18T02:39:53Z
2020-04-11,2020-02-29T01:48:58Z
2020-02-22,2019-12-23T12:47:27Z
2020-02-21,2020-01-28T11:47:51Z
2019-12-13,2020-06-16T07:55:14Z
2019-11-07,2020-02-12T06:41:01Z
2019-09-21,2020-05-07T20:07:15Z
2020-06-16,2020-03-30T14:37:36Z
2020-03-13,2019-07-11T12:14:13Z
2020-03-09,2019-12-02T21:25:30Z
2019-10-12,2019-11-19T06:04:34Z
2020-06-09,2019-09-17T06:18:17Z
2019-07-22,2020-02-22T07:37:38Z
2019-09-30,2020-05-02T15:10:14Z
2020-04-26,2020-01-15T10:27:55Z
2020-01-09,2019-11-22T00:41:01Z
2020-01-26,2019-06-26T19:46:26Z
2020-03-21,2020-04-11T17:37:50Z
2020-05-09,2019-10-02T11:54:23Z
2020-04-19,2019-09-07T10:19:11Z
2020-06-12,2019-09-18T03:21:14Z
2020-01-23,2020-01-20T16:55:16Z
2019-10-31,2020-06-17T16:56:34Z
2019-09-29,2020-05-29T06:13:06Z
2019-06-26,2019-10-10T01:41:09Z
2019-11-07,2020-01-30T17:24:33Z
2019-11-01,2020-01-23T07:43:50Z
2019-08-03,2020-05-06T00:31:10Z
2019-12-27,2019-10-09T18:05:21Z
2020-05-20,2019-11-25T10:22:39Z
2020-04-29,2019-07-06T10:26:38Z
2019-12-26,2020-03-06T03:49:50Z
2019-07-14,2020-02-14T00:46:00Z
2020-06-07,2019-09-28T11:41:55Z
2020-01-03,2020-06-21T18:37:01Z
2019-08-27,2019-07-30T09:47:02Z
2019-07-28,2020-04-21T04:38:24Z
2020-02-15,2019-07-02T15:47:43Z
2019-07-02,2019-07-01T02:47:24Z
2020-01-06,2020-01-23T01:48:55Z
2020-04-01,2020-04-21T02:01:50Z
2020-06-11,2019-12-25T11:25:49Z
2020-02-01,2020-02-14T21:49:05Z
2019-07-25,2019-09-14T18:20:16Z
2019-10-03,2019-08-14T15:37:45Z
2019-07-08,2020-03-25T16:16:52Z
2020-01-02,2020-03-24T07:45:59Z
2019-12-07,2019-10-16T21:50:44Z
2019-10-20,2020-04-09T14:45:10Z
2020-04-11,2020-06-28T02:54:17Z
2020-06-01,2019-12-10T13:45:47Z
2020-02-24,2019-09-26T09:14:52Z
2019-07-20,2020-02-05T02:01:16Z
2020-06-12,2020-01-17T16:22:14Z
2019-09-20,2020-05-19T09:25:19Z
2020-03-30,2019-09-12T14:31:40Z
2019-10-10,2019-08-07T20:39:22Z
2019-07-02,2020-03-12T04:35:01Z
2019-09-14,2019-10-09T11:54:58Z
2019-08-02,2020-04-12T07:19:36Z
2019-10-24,2019-06-23T00:53:42Z
2020-01-29,2020-03-30T09:39:36Z
2019-11-09,2020-01-06T19:58:24Z
2020-01-21,2019-07-26T04:41:55Z
2019-12-22,2019-07-01T03:41:04Z
2020-05-11,2019-09-21T17:50:14Z
2019-11-16,2019-11-25T13:00:06Z
2020-01-22,2019-10-22T02:45:24Z
2019-06-23,2019-12-02T19:10:55Z
2020-02-04,2019-11-29T18:43:37Z
2020-05-11,2019-08-26T21:23:16Z
2020-04-20,2019-07-25T11:35:29Z
2020-03-31,2019-12-12T00:22:23Z
2020-06-09,2020-03-18T21:50:06Z
2020-06-24,2020-06-22T01:51:06Z
2020-06-14,2020-05-20T05:28:34Z
2020-02-13,2019-12-28T08:50:48Z
2020-02-25,2019-12-13T23:37:35Z
2019-08-03,2020-06-15T16:09:48Z
2019-08-01,2019-08-01T21:01:08Z
2020-05-16,2020-05-23T06:40:33Z
2019-06-25,2020-02-27T18:11:22Z
2020-03-01,2020-06-15T16:46:51Z
2019-12-04,2019-07-11T09:32:37Z
2019-11-08,2019-12-11T03:10:44Z
2019-12-05,2019-06-24T05:22:20Z
2019-08-29,2019-11-05T01:21:11Z
2020-03-14,2020-05-15T07:05:52Z
2019-08-14,2020-02-24T10:18:18Z
2019-08-16,2020-03-31T12:54:05Z
2020-02-04,2020-03-02T19:59:49Z
2020-03-03,2019-12-27T11:31:42Z
2020-06-23,2019-08-08T17:19:50Z
2019-07-16,2019-08-12T01:17:50Z
2019-09-28,2019-10-13T02:14:46Z
2019-07-25,2020-05-17T04:36:14Z
2020-06-20,2019-10-08T19:01:32Z
2019-10-07,2019-09-27T16:51:27Z
2019-12-22,2019-12-31T19:38:32Z
2020-03-11,2019-08-09T18:04:19Z
2019-07-20,2020-05-19T22:22:14Z
2019-09-14,2020-01-09T01:57:50Z
2019-10-01,2019-08-21T09:59:35Z
2019-09-12,2020-02-12T14:01:43Z
2020-01-31,2019-08-18T10:34:46Z
2019-10-19,2020-02-10T09:19:41Z
2019-09-28,2020-05-12T16:03:56Z
2019-09-29,2020-05-27T10:44:40Z
2020-03-14,2020-03-20T09:35:39Z
2020-05-11,2020-04-24T07:18:01Z
2019-09-30,2020-05-09T00:59:32Z
2019-07-22,2019-11-06T13:42:22Z
2019-09-11,2019-11-17T13:01:14Z
2019-12-05,2019-12-17T04:43:14Z
2019-06-25,2020-04-23T05:28:29Z
2019-07-02,2020-02-23T09:50:08Z
2019-12-09,2020-05-03T15:25:24Z
2019-07-17,2020-04-24T08:04:42Z
2020-03-30,2019-11-09T02:58:34Z
2019-10-11,2019-08-04T07:25:42Z
2020-06-07,2019-12-21T22:25:09Z
2020-06-09,2020-01-27T10:29:14Z
2020-04-08,2020-05-26T17:11:01Z
2019-11-06,2020-03-15T19:00:51Z
2019-09-11,2019-07-30T03:52:04Z
2020-05-06,2019-12-19T02:13:44Z
2019-10-23,2019-08-07T09:58:13Z
2020-06-14,2020-06-21T10:11:37Z
2019-12-08,2019-08-24T00:55:26Z
2019-12-26,2020-06-03T20:59:54Z
2019-11-12,2019-11-20T10:24:45Z
2020-06-28,2019-12-30T21:14:19Z
2019-11-30,2020-03-29T17:54:30Z
2019-07-11,2019-08-03T18:43:49Z
2020-06-19,2019-09-30T13:56:13Z
2019-11-28,2019-10-17T20:10:48Z
2020-01-14,2020-01-28T15:22:57Z
2020-03-14,2020-01-18T12:16:03Z
2020-06-08,2019-12-31T07:09:30Z
2020-04-28,2019-12-12T02:21:47Z
2020-06-03,2020-02-13T15:26:10Z
2019-10-25,2019-07-20T08:08:25Z
2019-10-02,2020-03-11T01:59:05Z
2020-01-22,2019-09-24T02:11:12Z
2019-07-08,2019-10-06T12:27:55Z
2019-09-28,2019-11-12T00:46:47Z
2019-09-15,2019-11-25T14:43:36Z
2019-07-17,2019-08-25T07:46:14Z
2020-01-21,2020-04-19T00:10:39Z
2020-03-12,2019-08-09T16:29:00Z
2020-05-20,2020-01-10T14:14:08Z
2019-12-31,2019-11-04T05:54:45Z
2020-06-18,2019-12-14T06:31:31Z
2020-02-09,2020-05-05T23:53:42Z
2020-02-14,2019-08-24T16:15:02Z
2019-12-29,2020-01-01T22:22:28Z
2020-04-26,2019-10-07T09:37:16Z
2020-02-07,2020-04-26T01:07:03Z
2019-11-15,2019-09-28T11:15:41Z
2020-02-02,2020-06-27T18:47:33Z
2020-03-06,2019-10-15T19:55:13Z
2019-07-01,2019-07-03T16:48:05Z
2020-02-23,2020-05-09T22:34:45Z
2020-04-24,2019-08-01T21:48:14Z
2020-06-10,2019-09-27T04:31:35Z
2019-07-03,2019-08-27T15:42:44Z
2019-12-12,2019-09-09T15:59:27Z
2020-04-20,2019-08-15T04:10:51Z
2020-02-24,2019-08-18T09:20:02Z
2020-03-08,2019-09-29T02:20:04Z
2020-01-27,2020-03-09T03:32:05Z
2019-11-26,2019-11-03T06:11:51Z
2019-10-02,2020-01-06T19:21:47Z
2020-04-08,2020-06-27T20:41:45Z
2019-11-10,2020-03-24T12:48:31Z
2020-02-13,2020-03-09T02:35:14Z
2019-08-16,2020-05-15T02:34:02Z
2020-03-20,2019-08-15T01:31:11Z
2019-12-26,2020-01-06T04:38:45Z
2020-04-30,2019-12-26T05:42:01Z
2019-07-27,2020-05-22T04:58:22Z
2020-04-22,2019-11-01T08:26:11Z
2019-09-18,2019-11-19T16:56:54Z
2020-06-16,2019-10-06T05:11:23Z
2019-11-28,2020-06-04T09:35:25Z
2019-11-07,2019-11-17T20:13:02Z
2019-12-23,2019-07-18T05:24:00Z
2020-02-13,2020-02-14T17:44:34Z
2019-09-12,2019-10-06T20:40:56Z
2020-02-15,2020-01-28T00:14:21Z
2020-06-12,2019-08-27T05:51:48Z
2020-06-25,2020-04-20T21:37:21Z
2020-05-19,2020-06-15T07:14:32Z
2019-10-11,2019-10-07T12:42:44Z
2020-04-09,2019-08-22T07:08:32Z
2019-12-23,2020-05-28T01:46:48Z
2019-12-09,2020-01-05T14:06:08Z
2020-05-20,2020-04-30T08:39:46Z
2019-12-03,2020-06-12T17:48:16Z
2020-06-13,2020-03-24T02:22:04Z
2019-08-13,2019-11-29T17:21:23Z
2019-12-18,2020-06-20T00:37:47Z
2019-08-25,2019-09-07T18:18:52Z
2020-02-25,2019-08-02T11:41:45Z
2019-10-07,2019-07-07T17:21:43Z
2020-01-11,2020-04-16T04:00:02Z
2020-04-03,2019-12-27T06:08:36Z
2019-07-18,2019-12-31T12:57:37Z
2019-11-02,2019-10-08T13:53:15Z
2019-12-30,2020-03-20T22:08:32Z
2019-12-14,2019-08-17T07:34:31Z
2019-09-17,2019-12-06T15:05:46Z
2020-05-06,2020-06-16T16:25:29Z
2019-11-24,2020-04-18T12:38:38Z
2020-02-05,2020-04-25T02:05:30Z
2020-03-27,2019-07-20T09:57:58Z
2019-11-30,2019-08-04T01:50:50Z
2019-12-18,2020-05-28T07:10:46Z
2019-08-31,2019-10-04T03:56:50Z
2019-10-10,2020-03-14T05:08:22Z
2020-02-21,2020-06-27T10:13:45Z
2020-01-03,2020-03-15T07:25:49Z
2020-03-18,2019-09-02T20:43:13Z
2019-09-06,2019-06-26T12:37:00Z
2020-05-15,2020-03-25T23:03:56Z
2020-02-23,2020-02-20T03:23:42Z
2019-11-11,2020-01-29T11:49:17Z
2020-01-02,2019-07-09T20:22:47Z
2019-08-03,2019-11-02T16:18:11Z
2019-12-21,2019-09-23T07:17:38Z
2019-11-30,2019-10-11T19:14:51Z
2020-02-03,2020-02-23T01:28:13Z
2019-10-17,2020-01-13T19:13:40Z
2020-06-22,2019-07-23T01:21:03Z
2020-03-29,2020-02-16T18:44:28Z
2019-09-23,2019-07-20T22:57:32Z
2019-08-27,2020-01-29T11:44:55Z
2019-09-27,2020-01-27T14:36:26Z
2019-07-30,2020-06-15T23:41:12Z
2020-06-05,2020-02-18T12:14:02Z
2020-02-06,2019-10-23T13:42:26Z
2019-10-21,2020-05-15T18:24:18Z
2020-06-06,2020-02-15T07:27:24Z
2020-02-12,2020-05-23T21:32:22Z
2020-01-04,2020-03-18T12:31:37Z
2019-09-24,2019-10-27T21:00:03Z
2019-12-04,2020-06-26T04:14:00Z
2020-02-15,2020-02-09T03:22:26Z
2019-11-27,2020-02-17T16:17:37Z
2019-09-11,2020-06-05T09:27:51Z
2019-08-31,2019-08-23T20:16:51Z
2019-09-14,2019-10-07T05:07:43Z
2020-04-02,2020-06-28T01:28:02Z
2019-07-25,2020-04-08T10:11:54Z
2019-10-13,2019-10-17T10:38:12Z
2020-06-25,2019-07-13T12:04:42Z
2019-11-27,2020-04-27T14:12:25Z
2020-02-19,2019-08-21T08:20:06Z
2019-07-22,2019-07-28T05:21:40Z
2020-04-26,2019-07-17T12:46:45Z
2020-05-26,2019-07-27T05:59:08Z
2020-05-17,2020-03-28T18:10:11Z
2020-03-15,2019-12-31T17:51:25Z
2020-01-14,2019-10-16T18:15:58Z
2020-03-05,2019-11-15T15:07:52Z
2020-03-14,2020-03-25T07:48:15Z
2020-06-11,2019-11-24T10:39:36Z
2020-06-05,2019-12-27T16:32:25Z
2019-10-08,2019-08-03T01:52:51Z
2019-11-24,2020-02-16T05:45:22Z
2020-03-16,2019-10-14T03:00:44Z
2020-06-24,2020-06-18T13:40:58Z
2019-08-06,2020-03-08T21:41:27Z
2020-03-17,2019-10-30T10:59:17Z
2019-09-03,2020-02-07T16:19:52Z
2020-05-26,2020-05-13T09:45:52Z
2020-05-15,2019-11-26T20:10:01Z
2020-03-25,2019-09-21T06:24:33Z
2020-02-13,2019-12-08T07:43:28Z
2020-06-23,2019-09-27T22:56:33Z
2019-08-13,2020-05-30T00:43:22Z
2019-10-28,2020-05-17T08:51:28Z
2019-08-17,2019-10-04T23:09:49Z
2020-01-12,2019-08-08T07:01:15Z
2020-06-28,2020-02-04T21:12:46Z
2019-11-15,2019-12-12T01:47:40Z
2020-02-27,2020-04-12T21:36:35Z
2019-12-05,2019-11-02T15:13:39Z
2019-12-18,2019-12-26T21:52:01Z
2020-04-26,2019-10-23T19:09:00Z
2020-05-06,2020-02-24T01:24:35Z
2020-05-01,2020-02-27T09:20:49Z
2019-07-27,2020-04-18T21:48:03Z
2019-10-25,2019-12-20T00:48:02Z
2020-02-11,2020-04-09T22:54:15Z
2019-10-03,2020-05-13T06:25:53Z
2019-08-17,2020-01-21T03:40:52Z
2020-04-19,2019-12-04T02:12:11Z
2020-01-04,2020-04-19T17:46:42Z
2019-10-10,2019-12-27T15:19:11Z
2020-02-28,2020-03-24T15:52:57Z
2019-08-30,2019-11-17T19:35:05Z
2019-09-01,2020-05-13T12:46:20Z
2019-08-30,2020-05-31T09:05:53Z
2019-10-30,2020-01-26T04:21:33Z
2019-08-19,2019-07-01T11:12:38Z
2019-08-12,2020-03-15T00:43:17Z
2020-01-04,2020-05-28T16:40:41Z
2019-11-16,2020-02-27T15:34:45Z
2020-06-17,2020-01-10T17:29:40Z
2020-03-30,2020-02-06T06:24:06Z
2020-06-12,2020-06-13T15:51:18Z
2019-11-20,2019-12-22T01:51:00Z
2020-05-17,2020-03-12T04:31:17Z
2020-05-26,2019-09-13T23:17:41Z
2020-01-16,2019-11-10T08:49:27Z
2020-02-26,2020-04-24T04:14:16Z
2019-07-07,2020-06-17T07:38:39Z
2019-07-29,2020-06-04T16:17:50Z
2020-02-02,2019-11-02T21:44:25Z
2020-02-01,2020-02-17T09:23:11Z
2019-09-30,2020-02-02T20:06:55Z
2019-08-05,2019-07-25T09:31:23Z
2019-10-28,2019-07-03T10:18:10Z
2019-09-05,2020-05-21T13:48:14Z
2020-03-18,2020-01-05T18:43:32Z
2020-06-01,2019-12-22T01:55:12Z
2020-06-20,2019-10-11T22:59:42Z
2019-11-16,2019-10-12T15:14:56Z
2020-05-24,2019-07-11T08:59:21Z
2019-07-29,2019-09-23T13:56:09Z
2020-02-16,2020-06-18T20:55:30Z
2020-04-23,2019-08-03T06:43:34Z
2019-07-10,2020-06-14T08:38:14Z
2020-06-07,2019-09-15T08:02:47Z
2019-10-26,2020-01-03T18:50:21Z
2020-04-07,2019-07-13T15:40:41Z
2019-12-11,2020-06-08T08:19:40Z
2019-09-05,2019-06-26T02:48:51Z
2019-07-17,2019-07-18T02:41:40Z
2019-07-19,2019-10-02T07:56:05Z
2019-09-17,2020-02-18T11:27:05Z
2019-08-15,2019-06-28T04:47:42Z
2019-09-18,2020-06-14T08:04:56Z
2020-02-04,2019-12-10T20:19:27Z
2020-02-06,2019-06-25T14:31:49Z
2020-04-21,2019-08-29T07:15:24Z
2020-04-26,2020-03-13T01:52:42Z
2020-01-19,2020-01-31T01:26:02Z
2019-10-04,2019-09-04T04:36:02Z
2020-06-22,2020-06-12T19:11:28Z
2020-05-17,2020-01-28T07:17:42Z
2020-03-22,2019-12-28T00:56:15Z
2019-10-30,2019-09-21T03:21:55Z
2019-07-26,2019-10-29T01:25:23Z
2020-03-16,2019-12-29T01:45:29Z
2019-11-02,2019-09-25T13:14:41Z
2019-07-06,2020-03-30T23:31:20Z
2019-12-09,2019-12-03T16:31:39Z
2019-11-17,2019-07-06T07:53:28Z
2019-09-18,2019-09-16T00:20:02Z
2019-07-05,2019-08-14T05:06:22Z
2019-11-26,2020-06-27T21:21:45Z
2020-02-25,2019-10-19T06:10:59Z
2019-09-02,2020-03-09T07:40:56Z
2019-07-01,2019-07-18T09:20:17Z
2019-12-21,2019-06-26T00:53:33Z
2019-08-18,2019-07-20T18:59:47Z
2020-03-30,2020-05-25T20:32:26Z
2020-01-30,2019-10-28T18:39:52Z
2019-10-26,2019-10-13T18:15:43Z
2019-12-18,2019-06-27T17:03:34Z
2020-02-12,2020-01-10T00:37:11Z
2019-10-27,2020-04-18T06:43:47Z
2019-10-16,2019-06-22T09:13:59Z
2020-04-04,2020-01-29T17:51:47Z
2019-12-19,2019-07-22T16:04:59Z
2019-11-18,2019-08-28T19:43:16Z
2019-10-14,2020-04-30T15:15:58Z
2019-12-30,2019-11-30T07:00:13Z
2019-12-26,2019-11-21T10:14:14Z
2020-06-22,2019-08-01T20:16:23Z
2019-09-06,2020-02-21T02:15:40Z
2019-09-01,2020-03-02T17:33:38Z
2020-01-23,2020-02-02T09:29:22Z
2019-12-31,2020-06-02T23:38:13Z
2020-01-25,2020-06-12T11:37:50Z
2019-12-07,2019-09-12T16:04:33Z
2020-05-22,2019-10-24T20:02:59Z
2020-06-22,2019-07-22T03:47:56Z
2019-12-01,2019-09-17T17:10:03Z
2020-01-24,2020-02-15T10:32:44Z
2019-10-19,2020-02-29T09:29:02Z
2019-06-22,2019-07-19T02:51:24Z
2019-06-27,2019-07-16T15:49:36Z
2020-04-21,2020-04-10T17:20:04Z
2020-06-23,2019-10-17T12:26:06Z
2019-10-31,2019-08-02T14:30:21Z
2020-04-09,2019-12-21T10:39:00Z
2019-11-05,2019-07-11T08:28:19Z
2019-10-19,2019-07-02T00:08:13Z
2020-04-03,2020-02-27T19:09:14Z
2020-01-30,2019-10-12T12:35:54Z
2019-08-07,2019-11-21T01:50:44Z
2020-03-13,2020-03-31T08:42:04Z
2019-11-05,2020-02-14T16:38:40Z
2020-01-26,2019-09-03T19:58:13Z
2020-01-09,2019-10-24T13:14:03Z
2019-09-30,2019-11-14T13:30:59Z
2019-09-09,2020-06-27T16:44:52Z
2019-10-21,2019-07-23T04:38:57Z
2019-10-03,2020-01-13T22:34:58Z
2019-10-21,2019-12-01T01:54:21Z
2020-01-31,2020-01-20T04:45:59Z
2020-02-12,2019-10-05T17:00:57Z
2020-04-05,2020-02-26T12:26:07Z
2019-10-30,2020-06-18T15:35:25Z
2019-09-11,2019-12-01T16:47:47Z
2020-05-12,2020-01-07T10:46:54Z
2020-01-22,2019-11-10T15:27:05Z
2020-02-24,2019-12-08T09:30:43Z
2019-12-21,2020-05-27T10:11:20Z
2019-10-16,2019-09-03T08:28:28Z
2020-05-07,2020-04-18T04:05:51Z
2019-07-07,2019-12-11T20:33:13Z
2019-06-28,2019-08-12T22:38:35Z
2019-07-06,2020-05-10T07:42:00Z
2019-08-06,2019-10-27T08:44:40Z
2020-05-28,2019-07-31T08:33:28Z
2019-06-30,2019-08-09T04:08:54Z
2019-09-14,2020-05-15T19:47:00Z
2019-07-08,2020-03-12T12:39:13Z
2019-12-24,2019-12-16T12:25:05Z
2020-06-16,2020-04-28T10:40:39Z
2020-03-18,2019-09-08T17:12:26Z
2020-06-19,2020-04-05T04:57:50Z
2020-04-20,2020-05-21T16:02:50Z
2019-11-02,2019-12-11T10:33:20Z
2019-07-02,2019-12-04T07:13:54Z
2019-09-10,2020-06-27T00:18:10Z
2019-08-05,2020-05-16T06:21:50Z
2020-02-10,2019-06-30T10:01:06Z
2020-03-22,2020-01-18T19:22:01Z
2019-06-23,2019-09-14T03:36:37Z
2019-10-22,2019-10-11T13:26:31Z
2020-01-28,2020-06-24T04:52:35Z
2019-09-13,2020-02-26T08:11:45Z
2019-10-22,2019-08-08T00:53:08Z
2020-01-06,2020-04-15T18:04:31Z
2020-01-11,2020-05-03T17:52:39Z
2020-05-24,2020-01-09T21:08:35Z
2020-03-31,2020-02-22T07:13:22Z
2019-07-31,2020-06-12T23:57:30Z
2020-05-03,2019-10-05T07:21:50Z
2020-03-24,2019-12-12T02:10:15Z
2019-12-11,2020-04-06T14:29:35Z
2019-12-10,2019-07-10T16:21:55Z
2020-05-14,2019-06-23T01:36:16Z
2019-11-10,2020-03-05T01:56:44Z
2020-05-30,2019-08-19T08:37:40Z
2019-09-28,2019-10-06T03:44:02Z
2020-05-11,2019-10-07T16:49:01Z
2019-11-05,2020-06-26T16:21:34Z
2020-05-18,2020-01-05T22:02:55Z
2019-11-23,2020-04-22T14:53:04Z
2019-10-10,2019-09-22T13:22:47Z
2019-10-06,2020-06-13T23:49:11Z
2019-08-11,2020-04-02T12:29:44Z
2020-06-22,2020-01-05T08:51:29Z
2019-11-08,2019-08-27T10:59:51Z
2019-10-23,2019-11-23T03:55:08Z
2019-10-14,2020-06-09T07:27:15Z
2020-05-01,2020-02-20T15:12:04Z
2020-06-17,2020-03-13T14:56:17Z
2020-04-28,2019-07-30T22:26:15Z
2019-10-15,2019-06-25T02:28:37Z
2020-04-28,2019-10-19T09:22:14Z
2019-06-30,2019-09-27T21:18:01Z
2019-10-04,2019-07-21T13:38:59Z
2019-09-01,2020-05-23T23:50:39Z
2020-05-10,2019-07-01T23:32:58Z
2019-09-29,2019-07-14T12:43:08Z
2019-11-26,2019-10-31T22:05:27Z
2020-06-24,2020-01-29T10:34:58Z
2019-07-26,2019-07-29T08:06:22Z
2019-08-01,2019-07-27T12:42:29Z
2019-12-18,2020-06-25T08:21:25Z
2019-11-22,2019-09-08T08:38:06Z
2020-05-18,2020-03-06T02:25:03Z
2019-07-19,2020-03-31T08:26:51Z
2019-09-26,2020-06-20T09:32:40Z
2019-11-04,2020-06-04T19:42:26Z
2019-12-07,2019-12-30T22:37:45Z
2020-06-22,2020-01-26T09:03:53Z
2020-06-10,2019-07-22T05:12:32Z
2019-07-06,2020-01-07T21:49:34Z
2020-06-04,2019-09-22T15:57:44Z
2019-11-24,2019-11-20T19:36:48Z
2020-01-28,2020-04-11T07:55:15Z
2019-09-19,2019-12-10T10:54:12Z
2019-11-07,2020-05-22T15:00:44Z
2019-07-01,2020-05-25T09:34:25Z
2020-02-11,2019-07-24T09:28:12Z
2019-10-25,2019-09-11T11:43:55Z
2020-02-18,2020-01-29T15:24:29Z
2019-08-14,2020-02-14T00:04:41Z
2019-10-01,2019-10-12T11:46:23Z
2020-03-06,2020-04-30T03:38:46Z
2020-05-17,2020-06-24T07:00:08Z
